Name,JOIN_COUNT,,,
kml_1,1,,,
kml_2,1,,,
kml_3,2,,,
kml_4,1,,,
kml_5,4,,,
kml_6,1,,,
kml_7,1,,,
kml_8,1,,,
kml_9,1,,,
kml_10,1,,,
kml_11,1,,,
kml_12,1,,,
kml_13,1,,,
kml_14,1,,,
kml_15,2,,,
kml_16,1,,,
kml_17,2,,,
kml_18,1,,,
kml_19,2,,,
kml_20,1,,,
kml_21,1,,,
kml_22,1,,,
kml_23,1,,,
kml_24,1,,,
kml_25,1,,,
kml_26,3,,,
kml_27,7,,,
kml_28,2,,,
kml_29,1,,,
kml_30,3,,,
kml_31,1,,,
kml_32,1,,,
kml_33,1,,,
kml_34,1,,,
kml_35,2,,,
kml_36,2,,,
kml_37,1,,,
kml_38,4,,,
kml_39,1,,,
kml_40,2,,,
kml_41,2,,,
kml_42,1,,,
kml_43,2,,,
kml_44,1,,,
kml_45,4,,,
kml_46,1,,,
kml_47,1,,,
kml_48,1,,,
kml_49,2,,,
kml_50,1,,,
kml_51,3,,,
kml_52,1,,,
kml_53,3,,,
kml_54,1,,,
kml_55,1,,,
kml_56,1,,,
kml_57,1,,,
kml_58,1,,,
kml_59,1,,,
kml_60,2,,,
kml_61,2,,,
kml_62,1,,,
kml_63,1,,,
kml_64,1,,,
kml_65,1,,,
kml_66,2,,,
kml_67,3,,,
kml_68,3,,,
kml_69,1,,,
kml_70,1,,,
kml_71,2,,,
kml_72,2,,,
kml_73,1,,,
kml_74,1,,,
kml_75,1,,,
kml_76,1,,,
kml_77,1,,,
kml_78,2,,,
kml_79,1,,,
kml_80,1,,,
kml_81,1,,,
kml_82,1,,,
kml_83,1,,,
kml_84,1,,,
kml_85,1,,,
kml_86,1,,,
kml_87,4,,,
kml_88,2,,,
kml_89,2,,,
kml_90,1,,,
kml_91,1,,,
kml_92,1,,,
kml_93,1,,,
kml_94,1,,,
kml_95,1,,,
kml_96,2,,,
kml_97,1,,,
kml_98,1,,,
kml_99,1,,,
kml_100,6,,,
kml_101,1,,,
kml_102,2,,,
kml_103,1,,,
kml_104,1,,,
kml_105,1,,,
kml_106,4,,,
kml_107,1,,,
kml_108,2,,,
kml_109,1,,,
kml_110,1,,,
kml_111,3,,,
kml_112,1,,,
kml_113,1,,,
kml_114,3,,,
kml_115,1,,,
kml_116,1,,,
kml_117,1,,,
kml_118,1,,,
kml_119,2,,,
kml_120,3,,,
kml_121,1,,,
kml_122,1,,,
kml_123,2,,,
kml_124,1,,,
kml_125,1,,,
kml_126,2,,,
kml_127,1,,,
kml_128,1,,,
kml_129,1,,,
kml_130,1,,,
kml_131,1,,,
kml_132,11,,,
kml_133,1,,,
kml_134,2,,,
kml_135,1,,,
kml_136,1,,,
kml_137,1,,,
kml_138,1,,,
kml_139,2,,,
kml_140,2,,,
kml_141,9,,,
kml_142,1,,,
kml_143,1,,,
kml_144,1,,,
kml_145,2,,,
kml_146,1,,,
kml_147,2,,,
kml_148,3,,,
kml_149,2,,,
kml_150,2,,,
kml_151,2,,,
kml_152,4,,,
kml_153,9,,,
kml_154,2,,,
kml_155,6,,,
kml_156,2,,,
kml_157,7,,,
kml_158,1,,,
kml_159,2,,,
kml_160,7,,,
kml_161,3,,,
kml_162,3,,,
kml_163,1,,,
kml_164,3,,,
kml_165,2,,,
kml_166,1,,,
kml_167,3,,,
kml_168,1,,,
kml_169,2,,,
kml_170,2,,,
kml_171,3,,,
kml_172,3,,,
kml_173,3,,,
kml_174,2,,,
kml_175,2,,,
kml_176,1,,,
kml_177,1,,,
kml_178,2,,,
kml_179,2,,,
kml_180,1,,,
kml_181,2,,,
kml_182,1,,,
kml_183,1,,,
kml_184,1,,,
kml_185,1,,,
kml_186,1,,,
kml_187,1,,,
kml_188,1,,,
kml_189,1,,,
kml_190,1,,,
kml_191,1,,,
kml_192,1,,,
kml_193,1,,,
kml_194,2,,,
kml_195,1,,,
kml_196,1,,,
kml_197,1,,,
kml_198,1,,,
kml_199,1,,,
kml_200,1,,,
kml_201,1,,,
kml_202,1,,,
kml_203,3,,,
kml_204,1,,,
kml_205,1,,,
kml_206,1,,,
kml_207,1,,,
kml_208,1,,,
kml_209,2,,,
kml_210,1,,,
kml_211,1,,,
kml_212,2,,,
kml_213,1,,,
kml_214,2,,,
kml_215,2,,,
kml_216,1,,,
kml_217,1,,,
kml_218,1,,,
kml_219,1,,,
kml_220,2,,,
kml_221,5,,,
kml_222,1,,,
kml_223,1,,,
kml_224,2,,,
kml_225,3,,,
kml_226,1,,,
kml_227,4,,,
kml_228,1,,,
kml_229,1,,,
kml_230,1,,,
kml_231,1,,,
kml_232,1,,,
kml_233,1,,,
kml_234,1,,,
kml_235,2,,,
kml_236,2,,,
kml_237,1,,,
kml_238,1,,,
kml_239,1,,,
kml_240,1,,,
kml_241,1,,,
kml_242,1,,,
kml_243,1,,,
kml_244,2,,,
kml_245,1,,,
kml_246,1,,,
kml_247,1,,,
kml_248,1,,,
kml_249,1,,,
kml_250,2,,,
kml_251,1,,,
kml_252,1,,,
kml_253,1,,,
kml_254,1,,,
kml_255,1,,,
kml_256,1,,,
kml_257,1,,,
kml_258,1,,,
kml_259,1,,,
kml_260,1,,,
kml_261,1,,,
kml_262,1,,,
kml_263,1,,,
kml_264,1,,,
kml_265,1,,,
kml_266,1,,,
kml_267,1,,,
kml_268,1,,,
kml_269,1,,,
kml_270,1,,,
kml_271,1,,,
kml_272,1,,,
kml_273,1,,,
kml_274,1,,,
kml_275,1,,,
kml_276,1,,,
kml_277,1,,,
kml_278,1,,,
kml_279,1,,,
kml_280,1,,,
kml_281,1,,,
kml_282,2,,,
kml_283,1,,,
kml_284,1,,,
kml_285,1,,,
kml_286,1,,,
kml_287,1,,,
kml_288,1,,,
kml_289,1,,,
kml_290,1,,,
kml_291,1,,,
kml_292,1,,,
kml_293,1,,,
kml_294,1,,,
kml_295,2,,,
kml_296,1,,,
kml_297,1,,,
kml_298,1,,,
kml_299,1,,,
kml_300,1,,,
kml_301,1,,,
kml_302,2,,,
kml_303,1,,,
kml_304,2,,,
kml_305,2,,,
kml_306,1,,,
kml_307,1,,,
kml_308,1,,,
kml_309,1,,,
kml_310,2,,,
kml_311,1,,,
kml_312,2,,,
kml_313,1,,,
kml_314,1,,,
kml_315,1,,,
kml_316,1,,,
kml_317,1,,,
kml_318,1,,,
kml_319,1,,,
kml_320,1,,,
kml_321,4,,,
kml_322,1,,,
kml_323,2,,,
kml_324,8,,,
kml_325,3,,,
kml_326,5,,,
kml_327,2,,,
kml_328,1,,,
kml_329,3,,,
kml_330,3,,,
kml_331,3,,,
kml_332,1,,,
kml_333,1,,,
kml_334,1,,,
kml_335,1,,,
kml_336,1,,,
