ID,JOIN_COUNT,Area,,
kml_1,4,North-East,,
kml_2,1,North-East,,
kml_3,1,North-East,,
kml_4,1,North-East,,
kml_5,1,North-East,,
kml_6,2,North-East,,
kml_7,1,North-East,,
kml_8,1,North-East,,
kml_9,1,North-East,,
kml_10,1,North-East,,
kml_11,1,North-East,,
kml_12,1,North-East,,
kml_13,1,North-East,,
kml_14,1,North-East,,
kml_15,1,North-East,,
kml_16,1,North-East,,
kml_17,1,North-East,,
kml_18,1,North-East,,
kml_19,1,North-East,,
kml_20,1,North-East,,
kml_21,1,North-East,,
kml_22,1,North-East,,
kml_23,1,North-East,,
kml_24,2,North-East,,
kml_25,1,North-East,,
kml_26,1,North-East,,
kml_27,1,North-East,,
kml_28,2,North-East,,
kml_29,1,North-East,,
kml_30,1,North-East,,
kml_31,1,North-East,,
kml_32,1,North-East,,
kml_33,1,North-East,,
kml_34,1,North-East,,
kml_35,1,North-East,,
kml_36,2,North-East,,
kml_37,1,North-East,,
kml_38,1,North-East,,
kml_39,1,North-East,,
kml_40,1,North-East,,
kml_41,3,North-East,,
kml_42,1,North-East,,
kml_43,1,North-East,,
kml_44,1,North-East,,
kml_45,1,North-East,,
kml_46,2,North-East,,
kml_47,1,North-East,,
kml_48,1,North-East,,
kml_49,1,North-East,,
kml_50,1,North-East,,
kml_51,1,North-East,,
kml_52,3,North-East,,
kml_53,2,North-East,,
kml_54,2,North-East,,
kml_55,1,North-East,,
kml_56,2,North-East,,
kml_57,1,North-East,,
kml_58,1,North-East,,
kml_59,1,North-East,,
kml_60,1,North-East,,
kml_61,2,North-East,,
kml_62,1,North-East,,
kml_63,1,North-East,,
kml_64,1,North-East,,
kml_65,1,North-East,,
kml_66,1,North-East,,
kml_67,4,North-East,,
kml_68,3,North-East,,
kml_69,2,North-East,,
kml_70,1,North-East,,
kml_71,1,North-East,,
kml_72,2,North-East,,
kml_73,3,North-East,,
kml_74,1,North-East,,
kml_75,2,North-East,,
kml_76,1,North-East,,
kml_77,1,North-East,,
kml_78,4,North-East,,
kml_79,1,North-East,,
kml_80,1,North-East,,
kml_81,2,North-East,,
kml_82,9,North-East,,
kml_83,1,North-East,,
kml_84,1,North-East,,
kml_85,1,North-East,,
kml_86,1,North-East,,
kml_87,1,North-East,,
kml_88,1,North-East,,
kml_89,1,North-East,,
kml_90,1,North-East,,
kml_91,1,North-East,,
kml_92,1,North-East,,
kml_93,1,North-East,,
kml_94,1,North-East,,
kml_95,1,North-East,,
kml_96,1,North-East,,
kml_97,1,North-East,,
kml_98,1,North-East,,
kml_99,1,North-East,,
kml_100,6,North-East,,
kml_101,1,North-East,,
kml_102,5,North-East,,
kml_103,1,North-East,,
kml_104,2,North-East,,
kml_105,3,North-East,,
kml_106,1,North-East,,
kml_107,3,North-East,,
kml_108,5,North-East,,
kml_109,1,North-East,,
kml_110,3,North-East,,
kml_111,3,North-East,,
kml_112,4,North-East,,
kml_113,8,North-East,,
kml_114,5,North-East,,
kml_115,2,North-East,,
kml_116,2,North-East,,
kml_117,1,North-East,,
kml_118,1,North-East,,
kml_119,1,North-East,,
kml_120,1,North-East,,
kml_121,1,North-East,,
kml_122,2,North-East,,
kml_123,2,North-East,,
kml_124,1,North-East,,
kml_125,1,North-East,,
kml_126,1,North-East,,
kml_127,1,North-East,,
kml_128,1,North-East,,
kml_129,1,North-East,,
kml_130,1,North-East,,
kml_131,2,North-East,,
kml_132,1,North-East,,
kml_133,3,North-East,,
kml_134,1,North-East,,
kml_135,1,North-East,,
kml_136,1,North-East,,
kml_137,1,North-East,,
kml_138,3,North-East,,
kml_139,1,North-East,,
kml_140,1,North-East,,
kml_141,3,North-East,,
kml_142,1,North-East,,
kml_143,1,North-East,,
kml_144,1,North-East,,
kml_145,1,North-East,,
kml_146,1,North-East,,
kml_147,1,North-East,,
kml_148,1,North-East,,
kml_149,1,North-East,,
kml_150,1,North-East,,
kml_151,1,North-East,,
kml_152,1,North-East,,
kml_153,1,North-East,,
kml_154,1,North-East,,
kml_155,1,North-East,,
kml_156,1,North-East,,
kml_157,1,North-East,,
kml_158,2,North-East,,
kml_159,1,North-East,,
kml_160,1,North-East,,
kml_161,1,North-East,,
kml_162,1,North-East,,
kml_163,1,North-East,,
kml_164,1,North-East,,
kml_165,3,North-East,,
kml_166,1,North-East,,
kml_167,1,North-East,,
kml_168,1,North-East,,
kml_169,2,North-East,,
kml_170,1,North-East,,
kml_171,1,North-East,,
kml_172,1,North-East,,
kml_173,1,North-East,,
kml_174,2,North-East,,
kml_175,2,North-East,,
kml_176,1,North-East,,
kml_177,1,North-East,,
kml_178,1,North-East,,
kml_179,1,North-East,,
kml_180,1,North-East,,
kml_181,1,North-East,,
kml_182,1,North-East,,
kml_183,1,North-East,,
kml_184,2,North-East,,
kml_185,2,North-East,,
kml_186,2,North-East,,
kml_187,3,North-East,,
kml_188,1,North-East,,
kml_189,1,North-East,,
kml_190,1,North-East,,
kml_191,1,North-East,,
kml_192,1,North-East,,
kml_193,1,North-East,,
kml_194,1,North-East,,
kml_195,1,North-East,,
kml_196,1,North-East,,
kml_197,4,North-East,,
kml_198,1,North-East,,
kml_199,1,North-East,,
